Workbook

Sheet Raw Data
A1: Month | B1: Date | C1: Year | D1: Calls | E1: AHT (sec) | F1: Shrinkage % | G1: Adherence %
A2: Jan | B2: =A2& " "&C2 -> Jan 2023 | C2: 2023 | D2: 42000 | E2: 260 | F2: 0.32 | G2: 0.92
A3: Feb | B3: =A3& " " &C3 -> Feb 2023 | C3: 2023 | D3: 45000 | E3: 255 | F3: 0.33 | G3: 0.91
A4: Mar | B4: =A4& " " &C4 -> Mar 2023 | C4: 2023 | D4: 48000 | E4: 270 | F4: 0.34 | G4: 0.9
A5: Apr | B5: =A5& " " &C5 -> Apr 2023 | C5: 2023 | D5: 43000 | E5: 260 | F5: 0.32 | G5: 0.93
A6: May | B6: =A6& " " &C6 -> May 2023 | C6: 2023 | D6: 47000 | E6: 250 | F6: 0.31 | G6: 0.92
A7: Jun | B7: =A7& " " &C7 -> Jun 2023 | C7: 2023 | D7: 52000 | E7: 265 | F7: 0.35 | G7: 0.88
A8: Jul | B8: =A8& " " &C8 -> Jul 2023 | C8: 2023 | D8: 53000 | E8: 275 | F8: 0.36 | G8: 0.89
A9: Aug | B9: =A9& " " &C9 -> Aug 2023 | C9: 2023 | D9: 51000 | E9: 260 | F9: 0.32 | G9: 0.91
A10: Sep | B10: =A10& " " &C10 -> Sep 2023 | C10: 2023 | D10: 48000 | E10: 250 | F10: 0.3 | G10: 0.92
A11: Oct | B11: =A11& " " &C11 -> Oct 2023 | C11: 2023 | D11: 50000 | E11: 258 | F11: 0.33 | G11: 0.9
A12: Nov | B12: =A12& " " &C12 -> Nov 2023 | C12: 2023 | D12: 55000 | E12: 270 | F12: 0.34 | G12: 0.88
A13: Dec | B13: =A13& " " &C13 -> Dec 2023 | C13: 2023 | D13: 62000 | E13: 280 | F13: 0.35 | G13: 0.87

Sheet Edited Data
A1: Date | B1: Calls | C1: AHT (sec) | D1: Shrinkage % | E1: Adherence %
A2: 44927 | B2: 42000 | C2: 260 | D2: 0.32 | E2: 0.92
A3: 44958 | B3: 45000 | C3: 255 | D3: 0.33 | E3: 0.91
A4: 44986 | B4: 48000 | C4: 270 | D4: 0.34 | E4: 0.9
A5: 45017 | B5: 43000 | C5: 260 | D5: 0.32 | E5: 0.93
A6: 45047 | B6: 47000 | C6: 250 | D6: 0.31 | E6: 0.92
A7: 45078 | B7: 52000 | C7: 265 | D7: 0.35 | E7: 0.88
A8: 45108 | B8: 53000 | C8: 275 | D8: 0.36 | E8: 0.89
A9: 45139 | B9: 51000 | C9: 260 | D9: 0.32 | E9: 0.91
A10: 45170 | B10: 48000 | C10: 250 | D10: 0.3 | E10: 0.92
A11: 45200 | B11: 50000 | C11: 258 | D11: 0.33 | E11: 0.9
A12: 45231 | B12: 55000 | C12: 270 | D12: 0.34 | E12: 0.88
A13: 45261 | B13: 62000 | C13: 280 | D13: 0.35 | E13: 0.87
C15: Average | D15: =AVERAGE(D2:D13) -> 0.33083333 | E15: =AVERAGE(E2:E13) -> 0.9025

Sheet Call Volume Forecast  I
A1: Date | B1: Calls | C1: Moving Average | D1: Forecast
A2: 44927 | B2: 42000
A3: 44958 | B3: 45000
A4: 44986 | B4: 48000
A5: 45017 | B5: 43000 | C5: =AVERAGE(B2:B4) -> 45000 | D5: =C5 -> 45000
A6: 45047 | B6: 47000 | C6: =AVERAGE(B3:B5) -> 45333.333 | D6: =C6 -> 45333.333
A7: 45078 | B7: 52000 | C7: =AVERAGE(B4:B6) -> 46000 | D7: =C7 -> 46000
A8: 45108 | B8: 53000 | C8: =AVERAGE(B5:B7) -> 47333.333 | D8: =C8 -> 47333.333
A9: 45139 | B9: 51000 | C9: =AVERAGE(B6:B8) -> 50666.667 | D9: =C9 -> 50666.667
A10: 45170 | B10: 48000 | C10: =AVERAGE(B7:B9) -> 52000 | D10: =C10 -> 52000
A11: 45200 | B11: 50000 | C11: =AVERAGE(B8:B10) -> 50666.667 | D11: =C11 -> 50666.667
A12: 45231 | B12: 55000 | C12: =AVERAGE(B9:B11) -> 49666.667 | D12: =C12 -> 49666.667
A13: 45261 | B13: 62000 | C13: =AVERAGE(B10:B12) -> 51000 | D13: =C13 -> 51000
A14: 45292 | C14: =AVERAGE(B11:B13) -> 55666.667 | D14: =C14 -> 55666.667
A15: 45323 | C15: =AVERAGE(C13:C14) -> 53333.333 | D15: =C15 -> 53333.333
A16: 45352 | C16: =AVERAGE(C14:C15) -> 54500 | D16: =C16 -> 54500

Sheet Workload Forecast
A1: Date | B1: Calls Forecast | C1: AHT Forecast | D1: Workload Hrs | E1: FTE Required
A2: 45292 | B2: ='Call Volume Forecast II'!G14 -> 56933.529 | C2: 271.58822 | D2: =B2*C2/3600 -> 4295.1321 | E2: =D2/D11 -> 890.36735
A3: 45323 | B3: ='Call Volume Forecast II'!G15 -> 60539.529 | C3: 266 | D3: =B3*C3/3600 -> 4473.1986 | E3: =D3/D11 -> 927.27997
A4: 45352 | B4: ='Call Volume Forecast II'!G16 -> 59423.003 | C4: 286 | D4: =B4*C4/3600 -> 4720.8274 | E4: =D4/D11 -> 978.61265
B8: Average Shrinkage | D8: 0.33
B9: Average Adverence | D9: 0.9
B11: Effective Hours= | D11: =8*(1-33/100)*90/100 -> 4.824

Sheet AHT Forecast
A1: Date | B1: Calls | C1: AHT (sec) | D1: Time Index | E1: Trend | F1: Deasonalized | G1: Seasonal Index | H1: AHT Forecast
A2: 44927 | B2: 42000 | C2: 260 | D2: 1 | E2: =_xlfn.FORECAST.LINEAR(D2,C2:C13,D2:D13) -> 257.73077 | F2: =C2/E2 -> 1.0088047 | G2: =F2/F21 -> 1.0088034
A3: 44958 | B3: 45000 | C3: 255 | D3: 2 | E3: =_xlfn.FORECAST.LINEAR(D3,C2:C14,D2:D14) -> 258.64336 | F3: =C3/E3 -> 0.98591359 | G3: =F3/F21 -> 0.98591236
A4: 44986 | B4: 48000 | C4: 270 | D4: 3 | E4: =_xlfn.FORECAST.LINEAR(D4,C2:C13,D2:D13) -> 259.55594 | F4: =C4/E4 -> 1.0402382 | G4: =F4/F21 -> 1.0402369
A5: 45017 | B5: 43000 | C5: 260 | D5: 4 | E5: =_xlfn.FORECAST.LINEAR(D5,C2:C13,D2:D13) -> 260.46853 | F5: =C5/E5 -> 0.9982012 | G5: =F5/F21 -> 0.99819995
A6: 45047 | B6: 47000 | C6: 250 | D6: 5 | E6: =_xlfn.FORECAST.LINEAR(D6,C2:C13,D2:D13) -> 261.38112 | F6: =C6/E6 -> 0.95645776 | G6: =F6/F21 -> 0.95645657
A7: 45078 | B7: 52000 | C7: 265 | D7: 6 | E7: =_xlfn.FORECAST.LINEAR(D7,C2:C13,D2:D13) -> 262.29371 | F7: =C7/E7 -> 1.0103178 | G7: =F7/F21 -> 1.0103165
A8: 45108 | B8: 53000 | C8: 275 | D8: 7 | E8: =_xlfn.FORECAST.LINEAR(D8,C2:C13,D2:D13) -> 263.20629 | F8: =C8/E8 -> 1.0448078 | G8: =F8/F21 -> 1.0448065
A9: 45139 | B9: 51000 | C9: 260 | D9: 8 | E9: =_xlfn.FORECAST.LINEAR(D9,C2:C13,D2:D13) -> 264.11888 | F9: =C9/E9 -> 0.9844052 | G9: =F9/F21 -> 0.98440397
A10: 45170 | B10: 48000 | C10: 250 | D10: 9 | E10: =_xlfn.FORECAST.LINEAR(D10,C2:C13,D2:D13) -> 265.03147 | F10: =C10/E10 -> 0.94328421 | G10: =F10/F21 -> 0.94328303
A11: 45200 | B11: 50000 | C11: 258 | D11: 10 | E11: =_xlfn.FORECAST.LINEAR(D11,C2:C13,D2:D13) -> 265.94406 | F11: =C11/E11 -> 0.97012885 | G11: =F11/F21 -> 0.97012763
A12: 45231 | B12: 55000 | C12: 270 | D12: 11 | E12: =_xlfn.FORECAST.LINEAR(D12,C2:C13,D2:D13) -> 266.85664 | F12: =C12/E12 -> 1.0117792 | G12: =F12/F21 -> 1.0117779
A13: 45261 | B13: 62000 | C13: 280 | D13: 12 | E13: =_xlfn.FORECAST.LINEAR(D13,C2:C13,D2:D13) -> 267.76923 | F13: =C13/E13 -> 1.0456765 | G13: =F13/F21 -> 1.0456752
A14: 45292 | D14: 13 | E14: =_xlfn.FORECAST.LINEAR(D14,C3:C14,D3:D14) -> 269.21818 | G14: =IF(F14=" ",G14,F2/F21) -> 1.0088034 | H14: =E14*G14 -> 271.58822
A15: 45323 | D15: 14 | E15: =_xlfn.FORECAST.LINEAR(D15,C4:C15,D4:D15) -> 269.31515 | G15: =IF(F15=" ",G15,F3/F21) -> 0.98591236 | H15: =E15*G15 -> 265.52114
A16: 45352 | D16: 15 | E16: =_xlfn.FORECAST.LINEAR(D16,C5:C16,D5:D16) -> 274.89444 | G16: =IF(F16=" ",G16,F4/F21) -> 1.0402369 | H16: =E16*G16 -> 285.95534
E21: Average | F21: =AVERAGE(F2:F13) -> 1.0000012

Sheet Capacity Plan 2024
A1: Date | B1: Calls Forecast | C1: Shrinkage | D1: Adherence | E1: AHT Forecast | F1: Workload Hrs | G1: FTE Required | H1: Scheduled FTE | I1: Gap
A2: 45292 | B2: ='Call Volume Forecast II'!G14 -> 56933.529 | C2: 0.33 | D2: 0.9 | E2: 271.58822 | F2: =B2*E2/3600 -> 4295.1321 | G2: =F2/4.824 -> 890.36735 | H2: =CEILING(G2 * 1.05, 1) -> 935 | I2: =H2-G2 -> 44.632648
A3: 45323 | B3: ='Call Volume Forecast II'!G15 -> 60539.529 | C3: 0.33 | D3: 0.9 | E3: 266 | F3: =B3*E3/3600 -> 4473.1986 | G3: =F3/4.824 -> 927.27997 | H3: =CEILING(G3 * 1.05, 1) -> 974 | I3: =H3-G3 -> 46.720031
A4: 45352 | B4: ='Call Volume Forecast II'!G16 -> 59423.003 | C4: 0.33 | D4: 0.9 | E4: 286 | F4: =B4*E4/3600 -> 4720.8274 | G4: =F4/4.824 -> 978.61265 | H4: =CEILING(G4 * 1.05, 1) -> 1028 | I4: =H4-G4 -> 49.387347
E7: Effective Working Hours per FTE | F7: 4.824

Sheet Call Volume  Forecast II
A1: Date | B1: Calls | C1: Time Index | D1: Trend | E1: Deseasonalized | F1: Seasonal Index | G1: Calls Forecast
A2: 44927 | B2: 42000 | C2: 1 | D2: =_xlfn.FORECAST.LINEAR(C2,B2:B13,C2:C13) -> 42705.128 | E2: =B2/D2 -> 0.98348844 | F2: =E2/G19 -> 0.98341087
A3: 44958 | B3: 45000 | C3: 2 | D3: =_xlfn.FORECAST.LINEAR(C3,B2:B13,C2:C13) -> 43970.862 | E3: =B3/D3 -> 1.023405 | F3: =E3/G19 -> 1.0233243
A4: 44986 | B4: 48000 | C4: 3 | D4: =_xlfn.FORECAST.LINEAR(C4,B2:B13,C2:C13) -> 45236.597 | E4: =B4/D4 -> 1.0610878 | F4: =E4/G19 -> 1.0610041
A5: 45017 | B5: 43000 | C5: 4 | D5: =_xlfn.FORECAST.LINEAR(C5,B2:B13,C2:C13) -> 46502.331 | E5: =B5/D5 -> 0.92468483 | F5: =E5/G19 -> 0.92461189
A6: 45047 | B6: 47000 | C6: 5 | D6: =_xlfn.FORECAST.LINEAR(C6,B2:B13,C2:C13) -> 47768.065 | E6: =B6/D6 -> 0.98392095 | F6: =E6/G19 -> 0.98384334
A7: 45078 | B7: 52000 | C7: 6 | D7: =_xlfn.FORECAST.LINEAR(C7,B2:B13,C2:C13) -> 49033.8 | E7: =B7/D7 -> 1.060493 | F7: =E7/G19 -> 1.0604093
A8: 45108 | B8: 53000 | C8: 7 | D8: =_xlfn.FORECAST.LINEAR(C8,B2:B13,C2:C13) -> 50299.534 | E8: =B8/D8 -> 1.0536877 | F8: =E8/G19 -> 1.0536046
A9: 45139 | B9: 51000 | C9: 8 | D9: =_xlfn.FORECAST.LINEAR(C9,B2:B13,C2:C13) -> 51565.268 | E9: =B9/D9 -> 0.98903781 | F9: =E9/G19 -> 0.9889598
A10: 45170 | B10: 48000 | C10: 9 | D10: =_xlfn.FORECAST.LINEAR(C10,B2:B13,C2:C13) -> 52831.002 | E10: =B10/D10 -> 0.90855744 | F10: =E10/G19 -> 0.90848577
A11: 45200 | B11: 50000 | C11: 10 | D11: =_xlfn.FORECAST.LINEAR(C11,B2:B13,C2:C13) -> 54096.737 | E11: =B11/D11 -> 0.92427017 | F11: =E11/G19 -> 0.92419727
A12: 45231 | B12: 55000 | C12: 11 | D12: =_xlfn.FORECAST.LINEAR(C12,B2:B13,C2:C13) -> 55362.471 | E12: =B12/D12 -> 0.99345277 | F12: =E12/G19 -> 0.99337441
A13: 45261 | B13: 62000 | C13: 12 | D13: =_xlfn.FORECAST.LINEAR(C13,B2:B13,C2:C13) -> 56628.205 | E13: =B13/D13 -> 1.0948608 | F13: =E13/G19 -> 1.0947744
A14: 45292 | C14: 13 | D14: =_xlfn.FORECAST.LINEAR(C14,B2:B13,C2:C13) -> 57893.939 | F14: =IF(E2="", "", E2 / $G$19) -> 0.98341087 | G14: =D14*F2 -> 56933.529
A15: 45323 | C15: 14 | D15: =_xlfn.FORECAST.LINEAR(C15,B2:B13,C2:C13) -> 59159.674 | F15: =IF(E3="", "", E3 / $G$19) -> 1.0233243 | G15: =D15*F3 -> 60539.529
A16: 45352 | C16: 15 | D16: =_xlfn.FORECAST.LINEAR(C16,B2:B13,C2:C13) -> 60425.408 | F16: =IF(E4="", "", E4 / $G$19) -> 1.0610041 | G16: =D16*F2 -> 59423.003
F19: Average of Deseasonalized sales | G19: =AVERAGE(E2:E13) -> 1.0000789

Sheet Dashboard
